Generation,Fitness_Mean,Fitness_Std
0,0.6827564611490798,0.009102334921223825
1,0.7053672279708255,0.019474372576190693
2,0.7085511579448334,0.024224676572483412
3,0.7163124164932514,0.024964235709075352
4,0.7322473807242418,0.022196018834502666
