Generation,Fitness_Mean,Fitness_Median,Fitness_Std
0,0.664133598266893,0.664133598266893,0.0008730940652123542
1,0.7092857621211408,0.7092857621211408,0.0010447506346932811
