Generation,Fitness_Mean,Fitness_Median,Fitness_Std
0,0.6991922670588182,0.6991922670588182,0.0004950589914028414
1,0.7097224585168447,0.7097224585168447,0.011025250449429314
