Generation,Fitness_Mean,Fitness_Median,Fitness_Std
0,0.6762392965411352,0.6762392965411352,0.0006390014505851527
1,0.7014002306281324,0.7014002306281324,0.00371432618741957
