Generation,Fitness_Mean,Fitness_Median,Fitness_Std
0,0.5641038904546188,0.5641038904546188,0.0370966669325512
1,0.552765493374901,0.552765493374901,0.026650184298131485
