Generation,Fitness_Mean,Fitness_Median,Fitness_Std
0,0.6119664692424867,0.6119664692424867,0.0013412516535905028
1,0.6257532292895565,0.6257532292895565,0.011441845784808224
