Generation,Fitness_Mean,Fitness_Median,Fitness_Std
0,0.6849468486789072,0.6849468486789072,0.0065642190799107825
1,0.6926663533176227,0.6926663533176227,0.007362487747701041
