Generation,Fitness_Mean,Fitness_Median,Fitness_Std
0,0.6822513173204369,0.6822513173204369,0.007517913923051012
1,0.6948400018470557,0.6948400018470557,0.008166299942207356
