Generation,Fitness_Mean,Fitness_Median,Fitness_Std
0,0.6865488795352245,0.6865488795352245,0.01892918798044163
1,0.6878221050988922,0.6878221050988922,0.017655962416773918
