Generation,Fitness_Mean,Fitness_Median,Fitness_Std
0,0.6683842728725182,0.6683842728725182,0.0066002489181087864
1,0.6790529837002601,0.6790529837002601,0.013841094766483597
