Generation,Fitness_Mean,Fitness_Median,Fitness_Std
0,0.7079961747477177,0.7079961747477177,0.0013498674108918807
1,0.71208160446864,0.71208160446864,0.002735562310030415
