Generation,Fitness_Mean,Fitness_Median,Fitness_Std
0,0.6889997860492003,0.6889997860492003,0.004162516353019841
1,0.7220968453927246,0.7220968453927246,0.011459027046995474
