Generation,Fitness_Mean,Fitness_Std
0,0.6809572804634099,0.002139406487232598
1,0.6916659724598253,0.0010277973388915784
